<?xml version="1.0"?>
<!--<!DOCTYPE metadata SYSTEM "http://www.esri.com/metadata/esriprof80.dtd">-->
<metadata xml:lang="en"><Esri><CreaDate>20100907</CreaDate><CreaTime>10054400</CreaTime><SyncOnce>FALSE</SyncOnce><SyncDate>20100907</SyncDate><SyncTime>10182200</SyncTime><ModDate>20100907</ModDate><ModTime>10183500</ModTime><DataProperties><lineage><Process ToolSource="C:\Program Files\ArcGIS\ArcToolbox\Toolboxes\Data Management Tools.tbx\CopyFeatures" Date="20100426" Time="105053">CopyFeatures I:\GIS_PROJECTS\NON_OEM_PROJECTS\NYC_BIG_APPS\EMPTY_SCHEMAS\OEM_HurricaneEvacCenters_001.shp I:\GIS_PROJECTS\NON_OEM_PROJECTS\NYC_BIG_APPS\Big_Apps_2010\DATA\EmptySchemas.gdb\OEM_HurricaneEvacCenters_001 # 0 0 0</Process><Process ToolSource="C:\Program Files\ArcGIS\ArcToolbox\Toolboxes\Conversion Tools.tbx\FeatureClassToFeatureClass" Date="20100907" Time="101229">FeatureClassToFeatureClass I:\GIS_PROJECTS\NON_OEM_PROJECTS\NYC_BIG_APPS\Big_Apps_2010\DATA\DataPrep2010.gdb\OEM_HurricaneEvacCenters_001 I:\GIS_PROJECTS\NON_OEM_PROJECTS\NYC_BIG_APPS\Big_Apps_2010\OUTPUT\OEM_HurricaneEvacuationCenters OEM_HurricaneEvacCenters_001.shp # "BLDG_NAME 'Building Name' true true false 80 Text 0 0 ,First,#,I:\GIS_PROJECTS\NON_OEM_PROJECTS\NYC_BIG_APPS\Big_Apps_2010\DATA\DataPrep2010.gdb\OEM_HurricaneEvacCenters_001,BLDG_NAME,-1,-1;BLDG_ADD 'Building Address' true true false 50 Text 0 0 ,First,#,I:\GIS_PROJECTS\NON_OEM_PROJECTS\NYC_BIG_APPS\Big_Apps_2010\DATA\DataPrep2010.gdb\OEM_HurricaneEvacCenters_001,BLDG_ADD,-1,-1;CITY 'City' true true false 23 Text 0 0 ,First,#,I:\GIS_PROJECTS\NON_OEM_PROJECTS\NYC_BIG_APPS\Big_Apps_2010\DATA\DataPrep2010.gdb\OEM_HurricaneEvacCenters_001,CITY,-1,-1;STATE 'State' true true false 14 Text 0 0 ,First,#,I:\GIS_PROJECTS\NON_OEM_PROJECTS\NYC_BIG_APPS\Big_Apps_2010\DATA\DataPrep2010.gdb\OEM_HurricaneEvacCenters_001,STATE,-1,-1;ZIP_CODE 'ZIP Code' true true false 8 Double 0 0 ,First,#,I:\GIS_PROJECTS\NON_OEM_PROJECTS\NYC_BIG_APPS\Big_Apps_2010\DATA\DataPrep2010.gdb\OEM_HurricaneEvacCenters_001,ZIP_CODE,-1,-1;BORO 'Borough' true true false 7 Text 0 0 ,First,#,I:\GIS_PROJECTS\NON_OEM_PROJECTS\NYC_BIG_APPS\Big_Apps_2010\DATA\DataPrep2010.gdb\OEM_HurricaneEvacCenters_001,BORO,-1,-1" # I:\GIS_PROJECTS\NON_OEM_PROJECTS\NYC_BIG_APPS\Big_Apps_2010\OUTPUT\OEM_HurricaneEvacuationCenters\OEM_HurricaneEvacCenters_001.shp</Process></lineage></DataProperties><MetaID>{FD783926-9FA8-4321-95C7-CA23176AED2E}</MetaID></Esri><idinfo><native Sync="TRUE">Microsoft Windows XP Version 5.1 (Build 2600) Service Pack 3; ESRI ArcCatalog 9.3.1.3000</native><descript><langdata Sync="TRUE">en</langdata><abstract>Hurricane evacuation centers.  Persons requiring shelter during a hurricane are processed at a hurricane evacuation center and then transported to a hurricane shelter.</abstract><purpose>To prepare for a hurricane or coastal storm.</purpose><supplinf>This information has been made available through the Big Apps NYC Data Mine
http://www.nyc.gov/html/datamine/html/home/home.shtml.</supplinf></descript><citation><citeinfo><origin>New York City Office of Emergency Management</origin><title>Hurricane evacuation centers</title><ftname Sync="TRUE">OEM_HurricaneEvacCenters_001</ftname><geoform Sync="TRUE">vector digital data</geoform><onlink Sync="TRUE">\\gisshare\files\GIS_PROJECTS\NON_OEM_PROJECTS\NYC_BIG_APPS\Big_Apps_2010\OUTPUT\OEM_HurricaneEvacuationCenters\OEM_HurricaneEvacCenters_001.shp</onlink><pubdate>August 2010</pubdate></citeinfo></citation><timeperd><current>publication date</current><timeinfo><sngdate><caldate>August 2010</caldate></sngdate></timeinfo></timeperd><status><progress>Complete</progress><update>Irregular</update></status><spdom><bounding><westbc Sync="TRUE">-74.193622</westbc><eastbc Sync="TRUE">-73.725630</eastbc><northbc Sync="TRUE">40.888158</northbc><southbc Sync="TRUE">40.526976</southbc></bounding><lboundng><leftbc Sync="TRUE">930713.800302</leftbc><rightbc Sync="TRUE">1060113.128117</rightbc><bottombc Sync="TRUE">131386.502697</bottombc><topbc Sync="TRUE">262857.890016</topbc></lboundng></spdom><keywords><theme><themekt>REQUIRED: Reference to a formally registered thesaurus or a similar authoritative source of theme keywords.</themekt><themekey>Hurricanes, Coastal Storms, Evacuation centers</themekey></theme><place><placekey>New York City</placekey><placekey>NYC</placekey></place></keywords><accconst>None</accconst><useconst>None. Subject to change.</useconst><natvform Sync="TRUE">Shapefile</natvform><ptcontac><cntinfo><cntorgp><cntorg>New York City Office of Emergency Management</cntorg></cntorgp></cntinfo></ptcontac></idinfo><dataIdInfo><envirDesc Sync="TRUE">Microsoft Windows XP Version 5.1 (Build 2600) Service Pack 3; ESRI ArcCatalog 9.3.1.3000</envirDesc><dataLang><languageCode Sync="TRUE" value="en"></languageCode></dataLang><idCitation><resTitle Sync="TRUE">OEM_HurricaneEvacCenters_001</resTitle><presForm><PresFormCd Sync="TRUE" value="005"></PresFormCd></presForm></idCitation><spatRpType><SpatRepTypCd Sync="TRUE" value="001"></SpatRepTypCd></spatRpType><dataExt><geoEle><GeoBndBox esriExtentType="native"><westBL Sync="TRUE">930713.800302</westBL><eastBL Sync="TRUE">1060113.128117</eastBL><northBL Sync="TRUE">262857.890016</northBL><southBL Sync="TRUE">131386.502697</southBL><exTypeCode Sync="TRUE">1</exTypeCode></GeoBndBox></geoEle></dataExt><geoBox esriExtentType="decdegrees"><westBL Sync="TRUE">-74.193622</westBL><eastBL Sync="TRUE">-73.72563</eastBL><northBL Sync="TRUE">40.888158</northBL><southBL Sync="TRUE">40.526976</southBL><exTypeCode Sync="TRUE">1</exTypeCode></geoBox></dataIdInfo><metainfo><langmeta Sync="TRUE">en</langmeta><metstdn Sync="TRUE">FGDC Content Standards for Digital Geospatial Metadata</metstdn><metstdv Sync="TRUE">FGDC-STD-001-1998</metstdv><mettc Sync="TRUE">local time</mettc><metc><cntinfo><cntorgp><cntper>REQUIRED: The person responsible for the metadata information.</cntper><cntorg>New York City Office of Emergency Management</cntorg></cntorgp><cntaddr><addrtype>mailing address</addrtype><city>Brooklyn</city><state>NY</state><postal>11201</postal><address>165 Cadman Plaza East</address></cntaddr><cntvoice>REQUIRED: The telephone number by which individuals can speak to the organization or individual.</cntvoice></cntinfo></metc><metd Sync="TRUE">20100907</metd><metextns><onlink Sync="TRUE">http://www.esri.com/metadata/esriprof80.html</onlink><metprof Sync="TRUE">ESRI Metadata Profile</metprof></metextns></metainfo><mdLang><languageCode Sync="TRUE" value="en"></languageCode></mdLang><mdStanName Sync="TRUE">ISO 19115 Geographic Information - Metadata</mdStanName><mdStanVer Sync="TRUE">DIS_ESRI1.0</mdStanVer><mdChar><CharSetCd Sync="TRUE" value="004"></CharSetCd></mdChar><mdHrLv><ScopeCd Sync="TRUE" value="005"></ScopeCd></mdHrLv><mdHrLvName Sync="TRUE">dataset</mdHrLvName><distinfo><resdesc Sync="TRUE">Downloadable Data</resdesc><stdorder><digform><digtinfo><transize Sync="TRUE">0.002</transize><dssize Sync="TRUE">0.002</dssize></digtinfo></digform></stdorder></distinfo><distInfo><distributor><distorTran><onLineSrc><orDesc Sync="TRUE">002</orDesc><linkage Sync="TRUE">file://\\gisshare\files\GIS_PROJECTS\NON_OEM_PROJECTS\NYC_BIG_APPS\Big_Apps_2010\OUTPUT\OEM_HurricaneEvacuationCenters\OEM_HurricaneEvacCenters_001.shp</linkage><protocol Sync="TRUE">Local Area Network</protocol></onLineSrc><transSize Sync="TRUE">0.002</transSize></distorTran><distorFormat><formatName Sync="TRUE">Shapefile</formatName></distorFormat></distributor></distInfo><spdoinfo><direct Sync="TRUE">Vector</direct><ptvctinf><esriterm Name="OEM_HurricaneEvacCenters_001"><efeatyp Sync="TRUE">Simple</efeatyp><efeageom Sync="TRUE">Point</efeageom><esritopo Sync="TRUE">FALSE</esritopo><efeacnt Sync="TRUE">65</efeacnt><spindex Sync="TRUE">TRUE</spindex><linrefer Sync="TRUE">FALSE</linrefer></esriterm><sdtsterm Name="OEM_HurricaneEvacCenters_001"><sdtstype Sync="TRUE">Entity point</sdtstype><ptvctcnt Sync="TRUE">65</ptvctcnt></sdtsterm></ptvctinf></spdoinfo><spref><horizsys><cordsysn><geogcsn Sync="TRUE">GCS_North_American_1983</geogcsn><projcsn Sync="TRUE">NAD_1983_StatePlane_New_York_Long_Island_FIPS_3104_Feet</projcsn></cordsysn><planar><planci><plance Sync="TRUE">coordinate pair</plance><plandu Sync="TRUE">survey feet</plandu><coordrep><absres Sync="TRUE">0.000000</absres><ordres Sync="TRUE">0.000000</ordres></coordrep></planci><mapproj><mapprojn Sync="TRUE">Lambert Conformal Conic</mapprojn><lambertc><stdparll Sync="TRUE">40.666667</stdparll><stdparll Sync="TRUE">41.033333</stdparll><longcm Sync="TRUE">-74.000000</longcm><latprjo Sync="TRUE">40.166667</latprjo><feast Sync="TRUE">984250.000000</feast><fnorth Sync="TRUE">0.000000</fnorth></lambertc></mapproj></planar><geodetic><horizdn Sync="TRUE">North American Datum of 1983</horizdn><ellips Sync="TRUE">Geodetic Reference System 80</ellips><semiaxis Sync="TRUE">6378137.000000</semiaxis><denflat Sync="TRUE">298.257222</denflat></geodetic></horizsys></spref><refSysInfo><RefSystem><refSysID><identCode Sync="TRUE">NAD_1983_StatePlane_New_York_Long_Island_FIPS_3104_Feet</identCode></refSysID></RefSystem></refSysInfo><spatRepInfo><VectSpatRep><topLvl><TopoLevCd Sync="TRUE" value="001"></TopoLevCd></topLvl><geometObjs Name="OEM_HurricaneEvacCenters_001"><geoObjTyp><GeoObjTypCd Sync="TRUE" value="004"></GeoObjTypCd></geoObjTyp><geoObjCnt Sync="TRUE">65</geoObjCnt></geometObjs></VectSpatRep></spatRepInfo><eainfo><detailed Name="OEM_HurricaneEvacCenters_001"><enttyp><enttypl Sync="TRUE">OEM_HurricaneEvacCenters_001</enttypl><enttypt Sync="TRUE">Feature Class</enttypt><enttypc Sync="TRUE">65</enttypc></enttyp><attr><attrlabl Sync="TRUE">FID</attrlabl><attalias Sync="TRUE">FID</attalias><attrtype Sync="TRUE">OID</attrtype><attwidth Sync="TRUE">4</attwidth><atprecis Sync="TRUE">0</atprecis><attscale Sync="TRUE">0</attscale><attrdef Sync="TRUE">Internal feature number.</attrdef><attrdefs Sync="TRUE">ESRI</attrdefs><attrdomv><udom Sync="TRUE">Sequential unique whole numbers that are automatically generated.</udom></attrdomv></attr><attr><attrlabl Sync="TRUE">Shape</attrlabl><attalias Sync="TRUE">Shape</attalias><attrtype Sync="TRUE">Geometry</attrtype><attwidth Sync="TRUE">0</attwidth><atprecis Sync="TRUE">0</atprecis><attscale Sync="TRUE">0</attscale><attrdef Sync="TRUE">Feature geometry.</attrdef><attrdefs Sync="TRUE">ESRI</attrdefs><attrdomv><udom Sync="TRUE">Coordinates defining the features.</udom></attrdomv></attr><attr><attrlabl Sync="TRUE">BLDG_NAME</attrlabl><attalias Sync="TRUE">BLDG_NAME</attalias><attrtype Sync="TRUE">String</attrtype><attwidth Sync="TRUE">80</attwidth><attrdef>Building name</attrdef></attr><attr><attrlabl Sync="TRUE">BLDG_ADD</attrlabl><attalias Sync="TRUE">BLDG_ADD</attalias><attrtype Sync="TRUE">String</attrtype><attwidth Sync="TRUE">50</attwidth><attrdef>Street address</attrdef></attr><attr><attrlabl Sync="TRUE">CITY</attrlabl><attalias Sync="TRUE">CITY</attalias><attrtype Sync="TRUE">String</attrtype><attwidth Sync="TRUE">23</attwidth><attrdef>City</attrdef></attr><attr><attrlabl Sync="TRUE">STATE</attrlabl><attalias Sync="TRUE">STATE</attalias><attrtype Sync="TRUE">String</attrtype><attwidth Sync="TRUE">14</attwidth><attrdef>State</attrdef></attr><attr><attrlabl Sync="TRUE">ZIP_CODE</attrlabl><attalias Sync="TRUE">ZIP_CODE</attalias><attrtype Sync="TRUE">Float</attrtype><attwidth Sync="TRUE">19</attwidth><attrdef>ZIP code</attrdef><atnumdec Sync="TRUE">11</atnumdec></attr><attr><attrlabl Sync="TRUE">BORO</attrlabl><attalias Sync="TRUE">BORO</attalias><attrtype Sync="TRUE">String</attrtype><attwidth Sync="TRUE">7</attwidth><attrdef>Borough</attrdef></attr></detailed></eainfo><mdDateSt Sync="TRUE">20100907</mdDateSt><dataqual><lineage/></dataqual></metadata>
